<?xml version="1.0" encoding="UTF-8"?>
<project-private xmlns="http://www.netbeans.org/ns/project-private/1">
    <editor-bookmarks xmlns="http://www.netbeans.org/ns/editor-bookmarks/2" lastBookmarkId="0"/>
    <open-files xmlns="http://www.netbeans.org/ns/projectui-open-files/2">
        <group>
            <file>file:/D:/Anil/WS/Java/CIDRCalC/src/java/com/arcs/test/MainCalculator.java</file>
            <file>file:/D:/Anil/WS/Java/CIDRCalC/web/js/cidr.calculator.js</file>
            <file>file:/D:/Anil/WS/Java/CIDRCalC/src/java/com/arcs/test/simpleIPCalculator.java</file>
            <file>file:/D:/Anil/WS/Java/CIDRCalC/src/java/com/arcs/test/CIDRCalculator.java</file>
        </group>
    </open-files>
</project-private>
